{
  "baseline_models": {
    "svm_tfidf": {
      "val_accuracy": 0.9893
    },
    "naive_bayes": {
      "val_accuracy": 0.9883
    },
    "logistic_regression": {
      "val_accuracy": 0.9873
    }
  },
  "distilbert": {
    "val_accuracy": 0.9985,
    "test_accuracy": 0.9975
  },
  "svm_test_report": {
    "cancel_order": {
      "precision": 0.9736842105263158,
      "recall": 0.9932885906040269,
      "f1-score": 0.9833887043189369,
      "support": 149.0
    },
    "change_order": {
      "precision": 1.0,
      "recall": 0.9666666666666667,
      "f1-score": 0.9830508474576272,
      "support": 150.0
    },
    "change_shipping_address": {
      "precision": 0.9931972789115646,
      "recall": 1.0,
      "f1-score": 0.9965870307167235,
      "support": 146.0
    },
    "check_cancellation_fee": {
      "precision": 0.993006993006993,
      "recall": 1.0,
      "f1-score": 0.9964912280701754,
      "support": 142.0
    },
    "check_invoice": {
      "precision": 0.9866666666666667,
      "recall": 0.9866666666666667,
      "f1-score": 0.9866666666666667,
      "support": 150.0
    },
    "check_payment_methods": {
      "precision": 1.0,
      "recall": 0.9933333333333333,
      "f1-score": 0.9966555183946488,
      "support": 150.0
    },
    "check_refund_policy": {
      "precision": 1.0,
      "recall": 0.9866666666666667,
      "f1-score": 0.9932885906040269,
      "support": 150.0
    },
    "complaint": {
      "precision": 1.0,
      "recall": 1.0,
      "f1-score": 1.0,
      "support": 150.0
    },
    "contact_customer_service": {
      "precision": 1.0,
      "recall": 0.9866666666666667,
      "f1-score": 0.9932885906040269,
      "support": 150.0
    },
    "contact_human_agent": {
      "precision": 0.9868421052631579,
      "recall": 1.0,
      "f1-score": 0.9933774834437086,
      "support": 150.0
    },
    "create_account": {
      "precision": 0.9931506849315068,
      "recall": 0.9666666666666667,
      "f1-score": 0.9797297297297297,
      "support": 150.0
    },
    "delete_account": {
      "precision": 0.9423076923076923,
      "recall": 0.9865771812080537,
      "f1-score": 0.9639344262295082,
      "support": 149.0
    },
    "delivery_options": {
      "precision": 0.9371069182389937,
      "recall": 1.0,
      "f1-score": 0.9675324675324676,
      "support": 149.0
    },
    "delivery_period": {
      "precision": 1.0,
      "recall": 1.0,
      "f1-score": 1.0,
      "support": 150.0
    },
    "edit_account": {
      "precision": 0.9933774834437086,
      "recall": 1.0,
      "f1-score": 0.9966777408637874,
      "support": 150.0
    },
    "get_invoice": {
      "precision": 0.9867549668874173,
      "recall": 0.9933333333333333,
      "f1-score": 0.9900332225913622,
      "support": 150.0
    },
    "get_refund": {
      "precision": 0.9612903225806452,
      "recall": 0.9933333333333333,
      "f1-score": 0.9770491803278688,
      "support": 150.0
    },
    "newsletter_subscription": {
      "precision": 1.0,
      "recall": 1.0,
      "f1-score": 1.0,
      "support": 150.0
    },
    "payment_issue": {
      "precision": 0.9868421052631579,
      "recall": 1.0,
      "f1-score": 0.9933774834437086,
      "support": 150.0
    },
    "place_order": {
      "precision": 1.0,
      "recall": 0.98,
      "f1-score": 0.98989898989899,
      "support": 150.0
    },
    "recover_password": {
      "precision": 1.0,
      "recall": 1.0,
      "f1-score": 1.0,
      "support": 149.0
    },
    "registration_problems": {
      "precision": 0.9932432432432432,
      "recall": 0.98,
      "f1-score": 0.9865771812080537,
      "support": 150.0
    },
    "review": {
      "precision": 1.0,
      "recall": 0.9932885906040269,
      "f1-score": 0.9966329966329966,
      "support": 149.0
    },
    "set_up_shipping_address": {
      "precision": 1.0,
      "recall": 0.9932885906040269,
      "f1-score": 0.9966329966329966,
      "support": 149.0
    },
    "switch_account": {
      "precision": 0.9794520547945206,
      "recall": 0.9533333333333334,
      "f1-score": 0.9662162162162162,
      "support": 150.0
    },
    "track_order": {
      "precision": 0.9930555555555556,
      "recall": 0.959731543624161,
      "f1-score": 0.9761092150170648,
      "support": 149.0
    },
    "track_refund": {
      "precision": 1.0,
      "recall": 0.98,
      "f1-score": 0.98989898989899,
      "support": 150.0
    },
    "accuracy": 0.988588439593153,
    "macro avg": {
      "precision": 0.9888880845044867,
      "recall": 0.9886237467892949,
      "f1-score": 0.9886331665370475,
      "support": 4031.0
    },
    "weighted avg": {
      "precision": 0.9888945033011263,
      "recall": 0.988588439593153,
      "f1-score": 0.9886186593205779,
      "support": 4031.0
    }
  }
}